,metric,nonpoisoned,benchmark,poisoned,non-benchmark increase,non-MINLP increase,benchmark-MINLP increase
0,MSE,0.11566393878401494,0.21959169866241668,0.2000002549517483,89.85320833010125,72.91496127001068,-8.921759715874662
1,RMSE,0.013378146735032357,0.04822051412144561,0.04000010198076433,260.44240713232824,198.99583831009298,-17.047541467471277
2,MAE,0.09710229467857007,0.20139438418230135,0.1624783386410367,107.40435110103321,67.32698148779666,-19.323302235695913
