,metric,nonpoisoned,benchmark,poisoned,non-benchmark increase,non-MINLP increase,benchmark-MINLP increase
0,MSE,0.12303297228513241,0.263022969775597,0.22993083089436483,113.78250471429222,86.88553696117623,-12.581463478062533
1,RMSE,0.01513711226931416,0.06918108262957463,0.052868186995772996,357.02959321916376,249.2620392526716,-23.57999472362686
2,MAE,0.09346035716036159,0.23630720917139972,0.19995825379954973,152.84218501962067,113.94980703578568,-15.38207636546761
