,metric,nonpoisoned,benchmark,poisoned,non-benchmark increase,non-MINLP increase,benchmark-MINLP increase
0,MSE,0.15824426230454755,0.2718667296825885,0.223534030322825,71.80195080904095,41.25885328633567,-17.778085393601927
1,RMSE,0.025041246552310447,0.07391151870830565,0.04996746271236566,195.15910301792124,99.5406363177051,-32.39556758458182
2,MAE,0.11830756369044507,0.2373625779528163,0.20278754699086615,100.63178595569924,71.40708562088662,-14.566336134427674
