,metric,nonpoisoned,benchmark,poisoned,non-benchmark increase,non-MINLP increase,benchmark-MINLP increase
0,MSE,0.07427602188301573,0.13513925530300877,0.13831048232409818,81.94196710730182,86.21148362244861,2.346636448438977
1,RMSE,0.005516927426766232,0.018262618323851783,0.019129789520724676,231.0287939487449,246.74716632873447,4.748339923089392
2,MAE,0.056223004581113775,0.11386266478225318,0.11651240610431249,102.51970813474011,107.23262118839325,2.3271379842783197
