,metric,nonpoisoned,benchmark,poisoned,non-benchmark increase,non-MINLP increase,benchmark-MINLP increase
0,MSE,0.10328015727967203,0.26849560062238526,0.229137932127955,159.96823368048015,121.86055691944104,-14.658589713647954
1,RMSE,0.010666790887713792,0.0720898875535754,0.05250419193987531,575.8348252294875,392.2210671660453,-27.16843690336525
2,MAE,0.0841804166969537,0.2354918398349759,0.20704023850815956,179.74658367721983,145.94822243930741,-12.081778012670922
