,metric,nonpoisoned,benchmark,poisoned,non-benchmark increase,non-MINLP increase,benchmark-MINLP increase
0,MSE,0.09875320820653229,0.2554245121195434,0.2209873105918368,158.6493307491834,123.7773482048951,-13.482340141101798
1,RMSE,0.009752196131082717,0.0652416813915068,0.04883539144261294,568.9947629700047,400.76301569614856,-25.146945325399965
2,MAE,0.08058192826417096,0.22343690358093873,0.1994065810225039,177.27917213453577,147.45818984225744,-10.75485838431788
