,metric,nonpoisoned,benchmark,poisoned,non-benchmark increase,non-MINLP increase,benchmark-MINLP increase
0,MSE,0.08826683560048543,0.17915912182195892,0.19157852682945412,102.97444742765155,117.04474339216088,6.932052848437767
1,RMSE,0.00779103426692312,0.03209799093201551,0.03670233194214387,311.9862630856049,371.08420634168976,14.344639263810885
2,MAE,0.07308678971641751,0.16433199393626766,0.1556700320277304,124.84500218697347,112.99339132522081,-5.271013696758654
