,0,average,average_improvement
improvement,15.325316853271673,0.00796288232941316,15.325316853271673
mse,0.00796288232941316,0.00796288232941316,15.325316853271673
