,metric,nonpoisoned,benchmark,poisoned,non-benchmark increase,non-MINLP increase,benchmark-MINLP increase
0,MSE,0.1285041601389607,0.2334420799669761,0.21223147930187097,81.66110709142687,65.15533743994743,-9.086022823351168
1,RMSE,0.01651331917301966,0.05449520469930806,0.04504220080666049,230.0075782968286,172.76285484902903,-17.346487539237735
2,MAE,0.10782192996101411,0.2148622271007797,0.18670671005368691,99.27507064515434,73.16209246226227,-13.10398641352937
