,metric,nonpoisoned,benchmark,poisoned,non-benchmark increase,non-MINLP increase,benchmark-MINLP increase
0,MSE,0.1089754140122084,0.1711943737021939,0.17551737279660504,57.09449260088627,61.06144159905832,2.5251992813334727
1,RMSE,0.011875640859132225,0.02930751358728642,0.030806348153422432,146.78679605529916,159.40787969966877,5.114164876771409
2,MAE,0.09395150199032243,0.142497716482209,0.1599322920565302,51.67156827028387,70.22856332089741,12.23498593852761
