,metric,nonpoisoned,benchmark,poisoned,non-benchmark increase,non-MINLP increase,benchmark-MINLP increase
0,MSE,0.0958385608756198,0.1476362671199773,0.16982354504718514,54.046832267839505,77.19751162330553,15.028338469962296
1,RMSE,0.009185029750709884,0.021796467369121286,0.028840036452393324,137.30426531755873,213.98958125491495,32.315186511602114
2,MAE,0.048436529244540984,0.10398565943255308,0.1309644812635526,114.68437366261692,170.3837027677058,25.94475236126039
