,metric,nonpoisoned,benchmark,poisoned,non-benchmark increase,non-MINLP increase,benchmark-MINLP increase
0,MSE,0.07971928823227505,0.12234097546497448,0.14922293972515835,53.46471121081042,87.18548927628802,21.972985059188137
1,RMSE,0.006355164916260547,0.014967314277721489,0.022267485740218244,135.5141758701744,250.3840739560334,48.774090842489336
2,MAE,0.05199208201507438,0.09481912162928077,0.12039023036979457,82.37223429865588,131.55493241237983,26.968303756799695
