,metric,nonpoisoned,benchmark,poisoned,non-benchmark increase,non-MINLP increase,benchmark-MINLP increase
0,MSE,0.06229553340048866,0.21652144877371474,0.16634109286541815,247.57138586763637,167.01929301421364,-23.175697462074428
1,RMSE,0.0038807334816513984,0.04688153777906837,0.027669359175661663,1108.0586827394936,612.9930284181048,-40.980265395612825
2,MAE,0.04599200703058285,0.18825830220694942,0.12554734939520845,309.32830368060513,172.9764528687006,-33.31112204698616
