,metric,nonpoisoned,benchmark,poisoned,non-benchmark increase,non-MINLP increase,benchmark-MINLP increase
0,MSE,0.06229553340048866,0.21652144877371474,0.1772910830664589,247.57138586763637,184.5967814846067,-18.11846629026358
1,RMSE,0.0038807334816513984,0.04688153777906837,0.03143212813487803,1108.0586827394936,709.9532803139698,-32.95414437341299
2,MAE,0.04599200703058285,0.18825830220694942,0.1401500966999048,309.32830368060513,204.72707269919877,-25.55436065399125
