,metric,nonpoisoned,benchmark,poisoned,non-benchmark increase,non-MINLP increase,benchmark-MINLP increase
0,MSE,0.12444177906502545,0.20345403783223318,0.18963159494941098,63.493353567310294,52.385795489408295,-6.793889681471983
1,RMSE,0.015485756376868604,0.041393545510239764,0.035960141803057476,167.30076660685535,132.21430666939776,-13.126209992903833
2,MAE,0.0968776722538005,0.18610473512481723,0.15326762301472338,92.10281460650636,58.207375806049775,-17.644425913220623
