,metric,nonpoisoned,benchmark,poisoned,non-benchmark increase,non-MINLP increase,benchmark-MINLP increase
0,MSE,0.10230956324907783,0.16480592792460796,0.20741240889191712,61.085555143442015,102.73022609524884,25.852517263092555
1,RMSE,0.010467246732217059,0.027160993879091076,0.04301990736234782,159.48556075870894,310.99544572630714,58.38856101457011
2,MAE,0.07786005687655617,0.14786322719120784,0.16251663771024982,89.90896375228537,108.72915359914658,9.910111389691956
