,metric,nonpoisoned,benchmark,poisoned,non-benchmark increase,non-MINLP increase,benchmark-MINLP increase
0,MSE,0.0859791914800271,0.14699328372557355,0.16560020101737638,70.9637892555898,92.60497588634011,12.658345211568086
1,RMSE,0.007392421367559165,0.02160702546042697,0.027423426576995463,192.28617236629725,270.9667673617765,26.91902745808843
2,MAE,0.055457401330701026,0.11302856473994707,0.12830018828426207,103.81150581856573,131.3490809264363,13.511295644115728
