,metric,nonpoisoned,benchmark,poisoned,non-benchmark increase,non-MINLP increase,benchmark-MINLP increase
0,MSE,0.0958385608756198,0.17489460535495646,0.16982354504718514,82.48876418536413,77.19751162330553,-2.899494982980967
1,RMSE,0.009185029750709884,0.030588122982265965,0.028840036452393324,233.0214905390143,213.98958125491495,-5.714919254398603
2,MAE,0.048436529244540984,0.12941230221085664,0.1309644812635526,167.17913985433216,170.3837027677058,1.1994061045038191
