,metric,nonpoisoned,benchmark,poisoned,non-benchmark increase,non-MINLP increase,benchmark-MINLP increase
0,MSE,0.07902002692996857,0.20952874764185297,0.14466655187232744,165.15904357707655,83.07580684645684,-30.95622748645181
1,RMSE,0.0062441646560129575,0.04390229608836331,0.02092841123062881,603.0931839070998,235.1675105248118,-52.32957477097406
2,MAE,0.05339902497765601,0.17738938779950228,0.12041070170583218,232.19593030720716,125.49232267109029,-32.12068478305554
