,metric,nonpoisoned,benchmark,poisoned,non-benchmark increase,non-MINLP increase,benchmark-MINLP increase
0,MSE,0.11618215507992327,0.17788763171901742,0.12805537417815915,53.11097611904868,10.21948602181474,-28.013334631139987
1,RMSE,0.01349829315901534,0.031644009518600774,0.016398178855908347,134.42971008127896,21.483350989130127,-48.179200090717714
2,MAE,0.08219933634403354,0.15908098778565544,0.09785260590052691,93.53074472504835,19.04306075048935,-38.48881172879515
