,metric,nonpoisoned,benchmark,poisoned,non-benchmark increase,non-MINLP increase,benchmark-MINLP increase
0,MSE,0.06992052877930285,0.12590551356717058,0.184183329315816,80.06945279916107,163.4181012806299,46.28694494586546
1,RMSE,0.004888880344777319,0.01585219834661298,0.03392349879785832,224.25007831389303,593.890960822922,113.99870261594663
2,MAE,0.04923120931288298,0.10283110094603973,0.1569098155249949,108.8738066386083,218.72021369163122,52.589843035263016
