,metric,nonpoisoned,benchmark,poisoned,non-benchmark increase,non-MINLP increase,benchmark-MINLP increase
0,MSE,0.15036410931943636,0.24117778764908743,0.1614363058255169,60.39584761329232,7.363589992448638,-33.0633606854351
1,RMSE,0.022609365371427406,0.05816672525530831,0.026061680838589823,157.268279315865,15.269404560666185,-55.194863172718456
2,MAE,0.1228922072641034,0.2198728544113976,0.13412237449215555,78.91521301987558,9.138225667895927,-39.00003033516673
