,metric,nonpoisoned,benchmark,poisoned,non-benchmark increase,non-MINLP increase,benchmark-MINLP increase
0,MSE,0.12486255545420501,0.22153802374961398,0.19841397907542516,77.42550834694872,58.90590926452415,-10.437957458862236
1,RMSE,0.01559065775455442,0.049079095966884534,0.03936810709254325,214.79811012173178,152.51087999185182,-19.786405358594305
2,MAE,0.07214753192845362,0.17450121303941152,0.15473483352032869,141.86719680509478,114.47003020668014,-11.327359377506761
