,metric,nonpoisoned,benchmark,poisoned,non-benchmark increase,non-MINLP increase,benchmark-MINLP increase
0,MSE,0.07795946790909386,0.15896173698709162,0.209078880458768,103.90305533184502,168.18920917029402,31.52780311890156
1,RMSE,0.006077678636669035,0.02526883382595329,0.0437139782538918,315.7645597366146,619.2545191538774,72.99562993284535
2,MAE,0.057882529867343636,0.138469881117027,0.17554944213336776,139.22568939950463,203.28571079338715,26.778069510295317
