,metric,nonpoisoned,benchmark,poisoned,non-benchmark increase,non-MINLP increase,benchmark-MINLP increase
0,MSE,0.061844089693175876,0.2145811119950045,0.16118231825128504,246.97108981568894,160.62687485732457,-24.885132361958583
1,RMSE,0.0038246914299775825,0.04604505362501266,0.025979739716858533,1103.8893716788689,579.2636789789551,-43.57756659719519
2,MAE,0.044944435278576715,0.18849875734361365,0.13307126629144875,319.40399556753084,196.07951566559942,-29.404698382773077
