,metric,nonpoisoned,benchmark,poisoned,non-benchmark increase,non-MINLP increase,benchmark-MINLP increase
0,MSE,0.06229553340048866,0.21652144877371474,0.17729108259442922,247.57138586763637,184.59678072688033,-18.118466508269552
1,RMSE,0.0038807334816513984,0.04688153777906837,0.031432127967504726,1108.0586827394936,709.9532760010402,-32.954144730426236
2,MAE,0.04599200703058285,0.18825830220694942,0.1401500961107124,309.32830368060513,204.72707141812316,-25.554360966961447
