,metric,nonpoisoned,benchmark,poisoned,non-benchmark increase,non-MINLP increase,benchmark-MINLP increase
0,MSE,0.09082660632670658,0.18999411478430753,0.23554114148181834,109.18332465367233,159.33055412702348,23.972861869547106
1,RMSE,0.008249472416826536,0.03609776365267262,0.055479629330557965,337.5766331316368,572.5233630382907,53.692704801258074
2,MAE,0.07182285159403651,0.16621551565575507,0.21106489147982677,131.42427788199382,193.8687155904453,26.982665034086324
