,metric,nonpoisoned,benchmark,poisoned,non-benchmark increase,non-MINLP increase,benchmark-MINLP increase
0,MSE,0.11691970037261333,0.1957238981740888,0.1774147368304005,67.4002734785781,51.74067010520428,-9.354586493777592
1,RMSE,0.01367021633522168,0.03830784431646108,0.03147598884460027,180.2285156070273,130.25230963976435,-17.834090102859506
2,MAE,0.06901689007277038,0.14958618767577214,0.13325193757156653,116.73852229222541,93.07148935726845,-10.91962457095977
