,metric,nonpoisoned,benchmark,poisoned,non-benchmark increase,non-MINLP increase,benchmark-MINLP increase
0,MSE,0.06613083938495512,0.21373052595854913,0.1724709352312256,223.19342676780417,160.8025799086758,-19.304491271090306
1,RMSE,0.004373287917758731,0.04568073772651804,0.029746223499533625,944.53991105916,580.1798568702123,-34.882348709824576
2,MAE,0.04887720876754971,0.18322257976202025,0.13698524234187237,274.8630177172973,180.26404493216245,-25.235610960288586
