,metric,nonpoisoned,benchmark,poisoned,non-benchmark increase,non-MINLP increase,benchmark-MINLP increase
0,MSE,0.07054319752132525,0.1933716208549741,0.1604125049760846,174.11802647096874,127.39613543544269,-17.044443095198726
1,RMSE,0.004976342716532709,0.03739258375207986,0.025732171752702374,651.4069243633871,417.090024109742,-31.18375578614277
2,MAE,0.05376566438556518,0.16365877775823673,0.1353498955568956,204.3927376859036,151.74039436446336,-17.297503127611115
