,metric,nonpoisoned,benchmark,poisoned,non-benchmark increase,non-MINLP increase,benchmark-MINLP increase
0,MSE,0.05203418650642183,0.08767449340430358,0.1713901548018667,68.49402150926906,229.37990638272873,95.48462517087536
1,RMSE,0.0027075565653850915,0.007686816793701273,0.02937458516300783,183.9023528436603,984.9112272869515,282.1423867819763
2,MAE,0.04172899800090923,0.07012573062011536,0.14911981748634615,68.05035821513711,257.35297905570843,112.64636556039184
