,metric,nonpoisoned,benchmark,poisoned,non-benchmark increase,non-MINLP increase,benchmark-MINLP increase
0,MSE,0.07676695834368828,0.10897023048251095,0.1838634016036089,41.949391813399096,139.50851456227588,68.72810196828742
1,RMSE,0.005893165893341572,0.011874511131411558,0.033805750449249966,101.49629836193893,473.643285478279,184.69172393820793
2,MAE,0.06409725981483058,0.09567829407433139,0.16866370832439662,49.2704904246058,163.13715876723305,76.28210238924586
