,metric,nonpoisoned,benchmark,poisoned,non-benchmark increase,non-MINLP increase,benchmark-MINLP increase
0,MSE,0.0958385608756198,0.17489460535495646,0.15517331715722413,82.48876418536413,61.91115114782404,-11.276098629633026
1,RMSE,0.009185029750709884,0.030588122982265965,0.02407875835757647,233.0214905390143,162.1522086601352,-21.280693256213922
2,MAE,0.048436529244540984,0.12941230221085664,0.10996536979950908,167.17913985433216,127.02982958239659,-15.027112630808393
