,metric,nonpoisoned,benchmark,poisoned,non-benchmark increase,non-MINLP increase,benchmark-MINLP increase
0,MSE,0.0622367100367733,0.1455136846818053,0.14947192660572897,133.8068393972413,140.16681877530434,2.720185343790274
1,RMSE,0.003873408076201398,0.021174232429675862,0.022341856843228425,446.656381489274,476.8010084064986,5.514364770626242
2,MAE,0.03663621041899881,0.11702763431871588,0.11364042946234368,219.43160326982854,210.1860922913905,-2.8943632639342303
