,metric,nonpoisoned,benchmark,poisoned,non-benchmark increase,non-MINLP increase,benchmark-MINLP increase
0,MSE,0.0958385608756198,0.17489460535495646,0.17940666372946223,82.48876418536413,87.19674219889207,2.5798728127424786
1,RMSE,0.009185029750709884,0.030588122982265965,0.03218675099053634,233.0214905390143,250.4262028987845,5.226303062784237
2,MAE,0.048436529244540984,0.12941230221085664,0.13237881443501148,167.17913985433216,173.303674932347,2.2922953795547047
