,metric,nonpoisoned,benchmark,poisoned,non-benchmark increase,non-MINLP increase,benchmark-MINLP increase
0,MSE,0.0779696756140704,0.16178503413047404,0.1841910662895439,107.49738004717098,136.23423444935406,13.849261323516593
1,RMSE,0.006079270315363363,0.02617439726859865,0.03392634890087916,330.55162726440113,458.0661352587239,29.616543039103725
2,MAE,0.06526636737094219,0.14217644756510311,0.1463704129526023,117.84029553390272,124.26621681072628,2.949831325317621
