,metric,nonpoisoned,benchmark,poisoned,non-benchmark increase,non-MINLP increase,benchmark-MINLP increase
0,MSE,0.05752307795631809,0.19421310365112443,0.14374393313457975,237.62641108774827,149.88915447767957,-25.986490904962412
1,RMSE,0.0033089044975686487,0.037718729629802404,0.020662318312998532,1039.915934639932,524.4458952556959,-45.2200047143879
2,MAE,0.045934748759615944,0.16457926056391708,0.11615584141106394,258.2892363800383,152.87139811937683,-29.42255238414266
