,metric,nonpoisoned,benchmark,poisoned,non-benchmark increase,non-MINLP increase,benchmark-MINLP increase
0,MSE,0.08482125195991688,0.2190465678456552,0.1624117182105447,158.24491242969134,91.47526646658547,-25.855164128851637
1,RMSE,0.007194644784047704,0.04798139888496123,0.02637756621210138,566.9043479581894,266.62777668449905,-45.0254331364047
2,MAE,0.05492871138964855,0.18687527309846957,0.13854172157290845,240.21419467285497,152.220957069488,-25.864070042103904
