,metric,nonpoisoned,benchmark,poisoned,non-benchmark increase,non-MINLP increase,benchmark-MINLP increase
0,MSE,0.049622544607377056,0.08653946636547269,0.09833967129956457,74.395462889276,98.17538999188096,13.635634040378019
1,RMSE,0.002462396933311126,0.00748907923882078,0.009670690951306404,204.1377747636485,292.7348519843411,29.130573237587186
2,MAE,0.039992430576066516,0.07300620050065638,0.0826375545668543,82.55004621886364,106.63298873439508,13.19251515645075
