,metric,nonpoisoned,benchmark,poisoned,non-benchmark increase,non-MINLP increase,benchmark-MINLP increase
0,MSE,0.09980271034359214,0.15930823047760218,0.19726956695662798,59.62315044265789,97.65952876177948,23.828860797222244
1,RMSE,0.009960580991926954,0.025379112297904818,0.03891528204725553,154.795501572394,290.6928931032873,53.33586766337841
2,MAE,0.07194681677245539,0.14186577155243527,0.1522907276596128,97.18144306663493,111.6712517542775,7.348464674105229
