,metric,nonpoisoned,benchmark,poisoned,non-benchmark increase,non-MINLP increase,benchmark-MINLP increase
0,MSE,0.07555654279740268,0.14513679553516542,0.1413801450215713,92.09030768431961,87.11833520581806,-2.5883515615334822
1,RMSE,0.0057087911594957425,0.021064689418216417,0.019988345406320534,268.9868630625658,250.13271370196884,-5.109707485006059
2,MAE,0.05192200686016038,0.11767816879915889,0.11267020491902562,126.64410702786806,116.99894078146113,-4.255643957784862
