,metric,nonpoisoned,benchmark,poisoned,non-benchmark increase,non-MINLP increase,benchmark-MINLP increase
0,MSE,0.07545638810572329,0.1336094743468816,0.1897326151028188,77.06847319497852,151.44672288975858,42.00536004671968
1,RMSE,0.00569366650596154,0.017851491635250013,0.035998465233754384,213.5324419960082,532.2545445199903,101.65522281998494
2,MAE,0.05655057728000675,0.11315566739357844,0.16349923309351164,100.09639659962271,189.12036084787448,44.4905384410204
