,metric,nonpoisoned,benchmark,poisoned,non-benchmark increase,non-MINLP increase,benchmark-MINLP increase
0,MSE,0.07971928823227505,0.15800154659167237,0.14922293972515835,98.19738747705486,87.18548927628802,-5.55602590979746
1,RMSE,0.006355164916260547,0.02496448872536041,0.022267485740218244,292.82204402729815,250.3840739560334,-10.803357580491486
2,MAE,0.05199208201507438,0.12603640335686417,0.12039023036979457,142.4146109792673,131.55493241237983,-4.479795389815125
