,metric,nonpoisoned,benchmark,poisoned,non-benchmark increase,non-MINLP increase,benchmark-MINLP increase
0,MSE,0.08426046206588243,0.18777627709827277,0.14335058293539635,122.85218060097077,70.12793357733065,-23.658842772575696
1,RMSE,0.007099825467556013,0.03525993024088732,0.020549389627917948,396.63094398607683,189.4351378329263,-41.72027713177682
2,MAE,0.0573446563775407,0.15558390970494745,0.11447746096420562,171.31370128129777,99.63056402416817,-26.420758302511455
