,metric,nonpoisoned,benchmark,poisoned,non-benchmark increase,non-MINLP increase,benchmark-MINLP increase
0,MSE,0.09804492754037741,0.16482156013831842,0.2082698902788802,68.10819720422627,112.42291213189925,26.36082931389553
1,RMSE,0.009612807816397858,0.02716614668642931,0.0433763471967768,182.6036596725502,351.2349359859658,59.670591848954416
2,MAE,0.07117179702882427,0.14640927608375387,0.16016630535714846,105.712490334421,125.0418171853688,9.396282558985428
