,metric,nonpoisoned,benchmark,poisoned,non-benchmark increase,non-MINLP increase,benchmark-MINLP increase
0,MSE,0.05403362308048003,0.08934258911089552,0.12789158536083686,65.34628628886273,136.68889493186413,43.14739099635094
1,RMSE,0.002919632423203384,0.007982098229038306,0.016356257606108225,173.39394389518554,460.2163298406703,104.9117554906218
2,MAE,0.04233749658412045,0.07147758438953004,0.10907474787633813,68.82808421964937,157.631548099726,52.59993578114718
