,metric,nonpoisoned,benchmark,poisoned,non-benchmark increase,non-MINLP increase,benchmark-MINLP increase
0,MSE,0.10731015456578491,0.13163483756556757,0.17867415505654952,22.667643242346436,66.50256052610189,35.73470242446387
1,RMSE,0.011515469272932649,0.017327730460913363,0.031924453685171904,50.47350698631583,177.23102661748226,84.23909442257755
2,MAE,0.09250788708858144,0.1109508496821859,0.16202396481591858,19.936638025192693,75.14610906718863,46.03219829323479
