,metric,nonpoisoned,benchmark,poisoned,non-benchmark increase,non-MINLP increase,benchmark-MINLP increase
0,MSE,0.07427602188301573,0.16796444602127011,0.13831048232409818,126.13548997792729,86.21148362244861,-17.654905189528456
1,RMSE,0.005516927426766232,0.028212055127232162,0.019129789520724676,411.37259827557244,246.74716632873447,-32.19285360654452
2,MAE,0.056223004581113775,0.1433226942621323,0.11651240610431249,154.91824090503465,107.23262118839325,-18.706240694013683
