feature,category,0
0,0,6.059732018687458e-20
0,1,-0.006897206468805866
0,2,0.002659693194499713
0,3,0.004237513274306149
