feature,category,0
0,0,2.6772714900260526e-19
0,1,-0.008574545973073196
0,2,0.004387891275445046
0,3,0.004186654697628156
