feature,category,0
0,0,0.0
0,1,-0.013521788887572939
0,2,0.007430744039058573
0,3,0.006091044848514037
