feature,category,0
0,0,-6.638632997143899e-19
0,1,-0.009436565042727538
0,2,0.005285404690613299
0,3,0.004151160352114241
