feature,category,0
0,0,-4.613896449541637e-20
0,1,-0.008111272787323088
0,2,0.0038937384959725025
0,3,0.004217534291350582
