feature,category,0
0,0,-4.755857048307978e-19
0,1,-0.01027967712486061
0,2,0.0051012490494008016
0,3,0.005178428075459811
