feature,category,0
0,0,1.4297709782430351e-19
0,1,-0.012831817025467878
0,2,0.0067359639592822805
0,3,0.006095853066185594
