feature,category,0
0,0,3.4187459529305634e-19
0,1,-0.008970435550483699
0,2,0.0048158537695366845
0,3,0.00415458178094701
