feature,category,0
0,0,7.613910377819661e-19
0,1,-0.0114955531926159
0,2,0.005315619210927441
0,3,0.006179933981688455
