feature,category,0
0,0,4.587801231636078e-19
0,1,-0.012606302722548483
0,2,0.006481074747539018
0,3,0.006125227975009464
