feature,category,0
0,0,2.0558853141168644e-19
0,1,-0.010991556677449839
0,2,0.005457614825158699
0,3,0.005533941852291145
