feature,category,0
0,0,4.412404228335813e-19
0,1,-0.010615907502733148
0,2,0.005084618957645733
0,3,0.00553128854508742
