feature,category,0
0,0,-6.569912078488419e-19
0,1,-0.01290281711733298
0,2,0.006638800197240949
0,3,0.006264016920092018
