,metric,nonpoisoned,benchmark,poisoned,non-benchmark increase,non-MINLP increase,benchmark-MINLP increase
0,MSE,0.05403362308048003,0.11893529698779258,0.12789158536083686,120.11349638843424,136.68889493186413,7.530387193604559
1,RMSE,0.002919632423203384,0.014145604869574424,0.016356257606108225,384.4995129234126,460.2163298406703,15.627841700065174
2,MAE,0.04233749658412045,0.09974633916439372,0.10907474787633813,135.59810383735737,157.631548099726,9.352131406617426
