,metric,nonpoisoned,benchmark,poisoned,non-benchmark increase,non-MINLP increase,benchmark-MINLP increase
0,MSE,0.06296129325665484,0.2132664009535112,0.16392323458410274,238.7262076783493,160.35557102661087,-23.13686832468492
1,RMSE,0.0039641244485504904,0.04548255777566381,0.026870826836514778,1047.3544376815623,577.8502336459261,-40.92058989063175
2,MAE,0.045818226917925475,0.1848305820807938,0.13272941736749252,303.39968286394446,189.68693530033735,-28.188606088210356
