,metric,nonpoisoned,benchmark,poisoned,non-benchmark increase,non-MINLP increase,benchmark-MINLP increase
0,MSE,0.08942254531817866,0.2043573103123178,0.17637764738175268,128.52996365198982,97.2406922148938,-13.691540022622139
1,RMSE,0.007996391611181717,0.04176191027808495,0.03110907449592189,422.25944286779776,289.0389066541046,-25.50849736333364
2,MAE,0.0613476902137527,0.17231854020235532,0.14727264917874497,180.88839139982093,140.06225607778455,-14.534646703830429
