,metric,nonpoisoned,benchmark,poisoned,non-benchmark increase,non-MINLP increase,benchmark-MINLP increase
0,MSE,0.05203418650642183,0.11591133091847639,0.1713901548018667,122.75995590739393,229.37990638272873,47.863158367502564
1,RMSE,0.0027075565653850915,0.013435436635292541,0.02937458516300783,396.21997955864094,984.9112272869515,118.6351360241314
2,MAE,0.04172899800090923,0.09225874844673491,0.14911981748634615,121.09025585690962,257.35297905570843,61.63217038700635
