,metric,nonpoisoned,benchmark,poisoned,non-benchmark increase,non-MINLP increase,benchmark-MINLP increase
0,MSE,0.11879833703130889,0.21633866001395194,0.20820346257623673,82.10579829660128,75.2578931482563,-3.7603992911810393
1,RMSE,0.014113044881404458,0.04680241581663229,0.04334868182873441,231.6252177324243,207.1532911076562,-7.379392554070938
2,MAE,0.09551051820888908,0.20062694815055554,0.1737798242187165,110.05743860772328,81.94836283753192,-13.381614074940865
