,metric,nonpoisoned,benchmark,poisoned,non-benchmark increase,non-MINLP increase,benchmark-MINLP increase
0,MSE,0.11077229038011743,0.1891952036764792,0.22392920568351565,70.79650788771443,102.15272692755373,18.35881741824229
1,RMSE,0.012270500316057057,0.035794825094184454,0.050144289158050255,191.714471066381,308.657250042461,40.088096606448126
2,MAE,0.08409275101686725,0.17177497106584252,0.1794254495253479,104.26846427153758,113.36613127255035,4.453779507011464
