,metric,nonpoisoned,benchmark,poisoned,non-benchmark increase,non-MINLP increase,benchmark-MINLP increase
0,MSE,0.07676695834368828,0.12123144960959154,0.1838634016036089,57.921392517382564,139.50851456227588,51.66312223083578
1,RMSE,0.005893165893341572,0.01469706437444293,0.033805750449249966,149.3916621462921,473.643285478279,130.01702644805434
2,MAE,0.06409725981483058,0.10417333297061145,0.16866370832439662,62.52384777688766,163.13715876723305,61.906798520096004
